"NQF_id"|"measure_name"|"QDS_id"|"standard_concept"|"standard_category"|"QDS_data_type"|"standard_concept_id"|"standard_taxonomy"|"standard_taxonomy_version"|"standard_code_list"|"QDS_datatype_specific_attributes"
"0083"|"Heart Failure (HF): Beta-Blocker Therapy for Left Ventricular Systolic Dysfunction (LVSD)"|"A_1290"|"Arrhythmia"|"Diagnosis / Condition / Problem"|"diagnosis active"|"A_c366"|"GROUPING"||"A_c176, A_c181, A_c186"|"datetime"
"0083"|"Heart Failure (HF): Beta-Blocker Therapy for Left Ventricular Systolic Dysfunction (LVSD)"|"A_1291"|"Arrhythmia"|"Diagnosis / Condition / Problem"|"diagnosis active"|"A_c366"|"GROUPING"||"A_c176, A_c181, A_c186"|"datetime"
"0083"|"Heart Failure (HF): Beta-Blocker Therapy for Left Ventricular Systolic Dysfunction (LVSD)"|"A_455"|"Arrhythmia"|"Diagnosis / Condition / Problem"|"diagnosis active"|"A_c181"|"ICD-10-CM"|"2010"|"I49.5, I49.8"|"datetime"
"0083"|"Heart Failure (HF): Beta-Blocker Therapy for Left Ventricular Systolic Dysfunction (LVSD)"|"A_456"|"Arrhythmia"|"Diagnosis / Condition / Problem"|"diagnosis active"|"A_c181"|"ICD-10-CM"|"2010"|"I49.5, I49.8"|"datetime"
"0083"|"Heart Failure (HF): Beta-Blocker Therapy for Left Ventricular Systolic Dysfunction (LVSD)"|"A_441"|"Arrhythmia"|"Diagnosis / Condition / Problem"|"diagnosis active"|"A_c176"|"ICD-9-CM"|"2009"|"427.81, 427.89"|"datetime"
"0083"|"Heart Failure (HF): Beta-Blocker Therapy for Left Ventricular Systolic Dysfunction (LVSD)"|"A_442"|"Arrhythmia"|"Diagnosis / Condition / Problem"|"diagnosis active"|"A_c176"|"ICD-9-CM"|"2009"|"427.81, 427.89"|"datetime"
"0083"|"Heart Failure (HF): Beta-Blocker Therapy for Left Ventricular Systolic Dysfunction (LVSD)"|"A_465"|"Arrhythmia"|"Diagnosis / Condition / Problem"|"diagnosis active"|"A_c186"|"SNOMED-CT"|"7/2009"|"10164001, 10626002, 11157007, 11849007, 13640000, 17338001, 17366009, 17869006, 184004, 195060002, 195069001, 195071001, 195072008, 195083004, 233891009, 233892002, 233893007, 233894001, 233895000, 233904005, 233915000, 233922008, 233923003, 234172002, 251161003, 251162005, 251163000, 251164006, 251165007, 251166008, 251167004, 251168009, 251170000, 251172008, 251173003, 251174009, 251175005, 251176006, 251177002, 251178007, 251179004, 251180001, 251181002, 251182009, 251186007, 251187003, 251188008, 26950008, 27337007, 276796006, 284470004, 287057009, 29320008, 29894000, 309809007, 33413000, 36083008, 38274001, 39260000, 39357005, 40593004, 406461004, 418341009, 418818005, 419752005, 421869004, 422348008, 429243003, 44602002, 44808001, 47830009, 49044005, 49710005, 49982000, 55475008, 59272004, 60423000, 61277005, 63232000, 63593006, 69730002, 71908006, 72654001, 74390002, 74615001, 75532003, 81681009, 81898007, 88412007"|"datetime"
"0083"|"Heart Failure (HF): Beta-Blocker Therapy for Left Ventricular Systolic Dysfunction (LVSD)"|"A_466"|"Arrhythmia"|"Diagnosis / Condition / Problem"|"diagnosis active"|"A_c186"|"SNOMED-CT"|"7/2009"|"10164001, 10626002, 11157007, 11849007, 13640000, 17338001, 17366009, 17869006, 184004, 195060002, 195069001, 195071001, 195072008, 195083004, 233891009, 233892002, 233893007, 233894001, 233895000, 233904005, 233915000, 233922008, 233923003, 234172002, 251161003, 251162005, 251163000, 251164006, 251165007, 251166008, 251167004, 251168009, 251170000, 251172008, 251173003, 251174009, 251175005, 251176006, 251177002, 251178007, 251179004, 251180001, 251181002, 251182009, 251186007, 251187003, 251188008, 26950008, 27337007, 276796006, 284470004, 287057009, 29320008, 29894000, 309809007, 33413000, 36083008, 38274001, 39260000, 39357005, 40593004, 406461004, 418341009, 418818005, 419752005, 421869004, 422348008, 429243003, 44602002, 44808001, 47830009, 49044005, 49710005, 49982000, 55475008, 59272004, 60423000, 61277005, 63232000, 63593006, 69730002, 71908006, 72654001, 74390002, 74615001, 75532003, 81681009, 81898007, 88412007"|"datetime"
"0083"|"Heart Failure (HF): Beta-Blocker Therapy for Left Ventricular Systolic Dysfunction (LVSD)"|"A_1294"|"Asthma"|"Diagnosis / Condition / Problem"|"diagnosis active"|"A_c362"|"GROUPING"||"A_c59, A_c60, A_c61"|"datetime"
"0083"|"Heart Failure (HF): Beta-Blocker Therapy for Left Ventricular Systolic Dysfunction (LVSD)"|"A_1295"|"Asthma"|"Diagnosis / Condition / Problem"|"diagnosis active"|"A_c362"|"GROUPING"||"A_c59, A_c60, A_c61"|"datetime"
"0083"|"Heart Failure (HF): Beta-Blocker Therapy for Left Ventricular Systolic Dysfunction (LVSD)"|"A_1063"|"Asthma"|"Diagnosis / Condition / Problem"|"diagnosis active"|"A_c60"|"ICD-10-CM"|"2010"|"J45, J45.22, J45.32, J45.42, J45.52, J45.90, J45.901, J45.902, J45.990, J45.991"|"datetime"
"0083"|"Heart Failure (HF): Beta-Blocker Therapy for Left Ventricular Systolic Dysfunction (LVSD)"|"A_1064"|"Asthma"|"Diagnosis / Condition / Problem"|"diagnosis active"|"A_c60"|"ICD-10-CM"|"2010"|"J45, J45.22, J45.32, J45.42, J45.52, J45.90, J45.901, J45.902, J45.990, J45.991"|"datetime"
"0083"|"Heart Failure (HF): Beta-Blocker Therapy for Left Ventricular Systolic Dysfunction (LVSD)"|"A_1065"|"Asthma"|"Diagnosis / Condition / Problem"|"diagnosis active"|"A_c59"|"ICD-9-CM"|"2010"|"493.00, 493.01, 493.02, 493.10, 493.11, 493.12, 493.20, 493.21, 493.22, 493.81, 493.82, 493.90, 493.91, 493.92"|"datetime"
"0083"|"Heart Failure (HF): Beta-Blocker Therapy for Left Ventricular Systolic Dysfunction (LVSD)"|"A_1066"|"Asthma"|"Diagnosis / Condition / Problem"|"diagnosis active"|"A_c59"|"ICD-9-CM"|"2010"|"493.00, 493.01, 493.02, 493.10, 493.11, 493.12, 493.20, 493.21, 493.22, 493.81, 493.82, 493.90, 493.91, 493.92"|"datetime"
"0083"|"Heart Failure (HF): Beta-Blocker Therapy for Left Ventricular Systolic Dysfunction (LVSD)"|"A_1003"|"Asthma"|"Diagnosis / Condition / Problem"|"diagnosis active"|"A_c61"|"SNOMED-CT"|"July 2009"|"11641008, 12428000, 13151001, 195949008, 195967001, 195977004, 195979001, 196013003, 225057002, 233672007, 233678006, 233679003, 233681001, 233683003, 233685005, 233688007, 266361008, 266364000, 281239006, 30352005, 304527002, 31387002, 370218001, 370219009, 370220003, 370221004, 389145006, 405944004, 407674008, 409663006, 423889005, 424199006, 424643009, 425969006, 426656000, 426979002, 427295004, 427354000, 427603009, 427679007, 442025000, 55570000, 56968009, 57546000, 59327009, 59786004, 63088003, 67415000, 85761009, 91340006, 92807009, 93432008"|"datetime"
"0083"|"Heart Failure (HF): Beta-Blocker Therapy for Left Ventricular Systolic Dysfunction (LVSD)"|"A_1004"|"Asthma"|"Diagnosis / Condition / Problem"|"diagnosis active"|"A_c61"|"SNOMED-CT"|"July 2009"|"11641008, 12428000, 13151001, 195949008, 195967001, 195977004, 195979001, 196013003, 225057002, 233672007, 233678006, 233679003, 233681001, 233683003, 233685005, 233688007, 266361008, 266364000, 281239006, 30352005, 304527002, 31387002, 370218001, 370219009, 370220003, 370221004, 389145006, 405944004, 407674008, 409663006, 423889005, 424199006, 424643009, 425969006, 426656000, 426979002, 427295004, 427354000, 427603009, 427679007, 442025000, 55570000, 56968009, 57546000, 59327009, 59786004, 63088003, 67415000, 85761009, 91340006, 92807009, 93432008"|"datetime"
"0083"|"Heart Failure (HF): Beta-Blocker Therapy for Left Ventricular Systolic Dysfunction (LVSD)"|"A_447"|"Atrioventricular  Block"|"Diagnosis / Condition / Problem"|"diagnosis active"|"A_c177"|"ICD-9-CM"|"2009"|"426.0, 426.12, 426.13"|"datetime"
"0083"|"Heart Failure (HF): Beta-Blocker Therapy for Left Ventricular Systolic Dysfunction (LVSD)"|"A_448"|"Atrioventricular  Block"|"Diagnosis / Condition / Problem"|"diagnosis active"|"A_c177"|"ICD-9-CM"|"2009"|"426.0, 426.12, 426.13"|"datetime"
"0083"|"Heart Failure (HF): Beta-Blocker Therapy for Left Ventricular Systolic Dysfunction (LVSD)"|"A_1296"|"Atrioventricular Block"|"Diagnosis / Condition / Problem"|"diagnosis active"|"A_c367"|"GROUPING"||"A_c177, A_c187, A_c264"|"datetime"
"0083"|"Heart Failure (HF): Beta-Blocker Therapy for Left Ventricular Systolic Dysfunction (LVSD)"|"A_1297"|"Atrioventricular Block"|"Diagnosis / Condition / Problem"|"diagnosis active"|"A_c367"|"GROUPING"||"A_c177, A_c187, A_c264"|"datetime"
"0083"|"Heart Failure (HF): Beta-Blocker Therapy for Left Ventricular Systolic Dysfunction (LVSD)"|"A_743"|"Atrioventricular Block"|"Diagnosis / Condition / Problem"|"diagnosis active"|"A_c264"|"ICD-10-CM"|"2010"|"I44.1, I44.2"|"datetime"
"0083"|"Heart Failure (HF): Beta-Blocker Therapy for Left Ventricular Systolic Dysfunction (LVSD)"|"A_744"|"Atrioventricular Block"|"Diagnosis / Condition / Problem"|"diagnosis active"|"A_c264"|"ICD-10-CM"|"2010"|"I44.1, I44.2"|"datetime"
"0083"|"Heart Failure (HF): Beta-Blocker Therapy for Left Ventricular Systolic Dysfunction (LVSD)"|"A_467"|"Atrioventricular Block"|"Diagnosis / Condition / Problem"|"diagnosis active"|"A_c187"|"SNOMED-CT"|"7/2009"|"129575004, 13620007, 195039008, 195042002, 195046004, 20143001, 204383001, 204384007, 20852007, 233917008, 233918003, 233919006, 2374000, 251114004, 251120003, 251123001, 251124007, 251125008, 251152003, 270492004, 276513001, 27885002, 28189009, 283645003, 302944009, 30667004, 32425009, 32758004, 37760005, 41863008, 43906007, 44103008, 4554005, 46319007, 46619002, 46935006, 4973001, 50799005, 54016002, 59118001, 6180003, 62026008, 63467002, 6374002, 64872007, 66568003, 71792006, 73459006, 74021003, 76887001, 77221000, 82226007, 82580003, 86014007, 93130009, 9651007"|"datetime"
"0083"|"Heart Failure (HF): Beta-Blocker Therapy for Left Ventricular Systolic Dysfunction (LVSD)"|"A_468"|"Atrioventricular Block"|"Diagnosis / Condition / Problem"|"diagnosis active"|"A_c187"|"SNOMED-CT"|"7/2009"|"129575004, 13620007, 195039008, 195042002, 195046004, 20143001, 204383001, 204384007, 20852007, 233917008, 233918003, 233919006, 2374000, 251114004, 251120003, 251123001, 251124007, 251125008, 251152003, 270492004, 276513001, 27885002, 28189009, 283645003, 302944009, 30667004, 32425009, 32758004, 37760005, 41863008, 43906007, 44103008, 4554005, 46319007, 46619002, 46935006, 4973001, 50799005, 54016002, 59118001, 6180003, 62026008, 63467002, 6374002, 64872007, 66568003, 71792006, 73459006, 74021003, 76887001, 77221000, 82226007, 82580003, 86014007, 93130009, 9651007"|"datetime"
"0083"|"Heart Failure (HF): Beta-Blocker Therapy for Left Ventricular Systolic Dysfunction (LVSD)"|"A_356"|"Beta Blocker Therapy"|"Medication"|"medication order"|"A_c133"|"RxNorm"|"12/2009"|"104302, 141882, 150750, 152414, 197296, 197297, 197379, 197380, 197381, 197382, 197383, 198004, 198005, 198006, 198007, 198008, 198104, 198105, 198284, 198285, 198286, 200857, 201322, 201327, 201337, 201338, 201340, 206240, 206244, 206961, 206964, 206968, 207367, 207851, 207852, 207861, 208003, 208029, 208140, 208375, 208575, 208576, 211773, 211810, 212388, 212389, 212390, 213727, 213728, 213731, 238246, 260346, 260348, 260349, 260693, 261397, 261398, 351442, 351443, 351444, 351709, 404603, 491234, 686926, 746023, 746030, 854901, 854903, 854905, 854907, 854908, 854910, 854916, 854918, 854919, 854921, 856422, 856426, 856429, 856433, 856443, 856445, 856448, 856450, 856457, 856460, 856462, 856471, 856481, 856483, 856508, 856519, 856521, 856535, 856537, 856556, 856557, 856569, 856571, 856576, 856578, 856579, 856586, 856591, 856596, 856724, 856733, 856737, 856739, 866414, 866421, 866429, 866438, 866479, 866482, 866491, 866498, 866502, 866506, 866508, 866510, 866511, 866513, 866514, 866516, 866924, 896758, 896760, 896762, 896764, 896766, 896768, 896771, 896773, 896775, 896777, 896781, 896783"|"datetime"
"0083"|"Heart Failure (HF): Beta-Blocker Therapy for Left Ventricular Systolic Dysfunction (LVSD)"|"A_357"|"Beta Blocker Therapy"|"Medication"|"medication active"|"A_c133"|"RxNorm"|"12/2009"|"104302, 141882, 150750, 152414, 197296, 197297, 197379, 197380, 197381, 197382, 197383, 198004, 198005, 198006, 198007, 198008, 198104, 198105, 198284, 198285, 198286, 200857, 201322, 201327, 201337, 201338, 201340, 206240, 206244, 206961, 206964, 206968, 207367, 207851, 207852, 207861, 208003, 208029, 208140, 208375, 208575, 208576, 211773, 211810, 212388, 212389, 212390, 213727, 213728, 213731, 238246, 260346, 260348, 260349, 260693, 261397, 261398, 351442, 351443, 351444, 351709, 404603, 491234, 686926, 746023, 746030, 854901, 854903, 854905, 854907, 854908, 854910, 854916, 854918, 854919, 854921, 856422, 856426, 856429, 856433, 856443, 856445, 856448, 856450, 856457, 856460, 856462, 856471, 856481, 856483, 856508, 856519, 856521, 856535, 856537, 856556, 856557, 856569, 856571, 856576, 856578, 856579, 856586, 856591, 856596, 856724, 856733, 856737, 856739, 866414, 866421, 866429, 866438, 866479, 866482, 866491, 866498, 866502, 866506, 866508, 866510, 866511, 866513, 866514, 866516, 866924, 896758, 896760, 896762, 896764, 896766, 896768, 896771, 896773, 896775, 896777, 896781, 896783"|"datetime"
"0083"|"Heart Failure (HF): Beta-Blocker Therapy for Left Ventricular Systolic Dysfunction (LVSD)"|"A_801"|"Beta Blocker Therapy"|"Medication"|"medication adverse event"|"A_c133"|"RxNorm"|"12/2009"|"104302, 141882, 150750, 152414, 197296, 197297, 197379, 197380, 197381, 197382, 197383, 198004, 198005, 198006, 198007, 198008, 198104, 198105, 198284, 198285, 198286, 200857, 201322, 201327, 201337, 201338, 201340, 206240, 206244, 206961, 206964, 206968, 207367, 207851, 207852, 207861, 208003, 208029, 208140, 208375, 208575, 208576, 211773, 211810, 212388, 212389, 212390, 213727, 213728, 213731, 238246, 260346, 260348, 260349, 260693, 261397, 261398, 351442, 351443, 351444, 351709, 404603, 491234, 686926, 746023, 746030, 854901, 854903, 854905, 854907, 854908, 854910, 854916, 854918, 854919, 854921, 856422, 856426, 856429, 856433, 856443, 856445, 856448, 856450, 856457, 856460, 856462, 856471, 856481, 856483, 856508, 856519, 856521, 856535, 856537, 856556, 856557, 856569, 856571, 856576, 856578, 856579, 856586, 856591, 856596, 856724, 856733, 856737, 856739, 866414, 866421, 866429, 866438, 866479, 866482, 866491, 866498, 866502, 866506, 866508, 866510, 866511, 866513, 866514, 866516, 866924, 896758, 896760, 896762, 896764, 896766, 896768, 896771, 896773, 896775, 896777, 896781, 896783"|"datetime"
"0083"|"Heart Failure (HF): Beta-Blocker Therapy for Left Ventricular Systolic Dysfunction (LVSD)"|"A_802"|"Beta Blocker Therapy"|"Medication"|"medication adverse event"|"A_c133"|"RxNorm"|"12/2009"|"104302, 141882, 150750, 152414, 197296, 197297, 197379, 197380, 197381, 197382, 197383, 198004, 198005, 198006, 198007, 198008, 198104, 198105, 198284, 198285, 198286, 200857, 201322, 201327, 201337, 201338, 201340, 206240, 206244, 206961, 206964, 206968, 207367, 207851, 207852, 207861, 208003, 208029, 208140, 208375, 208575, 208576, 211773, 211810, 212388, 212389, 212390, 213727, 213728, 213731, 238246, 260346, 260348, 260349, 260693, 261397, 261398, 351442, 351443, 351444, 351709, 404603, 491234, 686926, 746023, 746030, 854901, 854903, 854905, 854907, 854908, 854910, 854916, 854918, 854919, 854921, 856422, 856426, 856429, 856433, 856443, 856445, 856448, 856450, 856457, 856460, 856462, 856471, 856481, 856483, 856508, 856519, 856521, 856535, 856537, 856556, 856557, 856569, 856571, 856576, 856578, 856579, 856586, 856591, 856596, 856724, 856733, 856737, 856739, 866414, 866421, 866429, 866438, 866479, 866482, 866491, 866498, 866502, 866506, 866508, 866510, 866511, 866513, 866514, 866516, 866924, 896758, 896760, 896762, 896764, 896766, 896768, 896771, 896773, 896775, 896777, 896781, 896783"|"datetime"
"0083"|"Heart Failure (HF): Beta-Blocker Therapy for Left Ventricular Systolic Dysfunction (LVSD)"|"A_803"|"Beta Blocker Therapy"|"Medication"|"medication allergy"|"A_c133"|"RxNorm"|"12/2009"|"104302, 141882, 150750, 152414, 197296, 197297, 197379, 197380, 197381, 197382, 197383, 198004, 198005, 198006, 198007, 198008, 198104, 198105, 198284, 198285, 198286, 200857, 201322, 201327, 201337, 201338, 201340, 206240, 206244, 206961, 206964, 206968, 207367, 207851, 207852, 207861, 208003, 208029, 208140, 208375, 208575, 208576, 211773, 211810, 212388, 212389, 212390, 213727, 213728, 213731, 238246, 260346, 260348, 260349, 260693, 261397, 261398, 351442, 351443, 351444, 351709, 404603, 491234, 686926, 746023, 746030, 854901, 854903, 854905, 854907, 854908, 854910, 854916, 854918, 854919, 854921, 856422, 856426, 856429, 856433, 856443, 856445, 856448, 856450, 856457, 856460, 856462, 856471, 856481, 856483, 856508, 856519, 856521, 856535, 856537, 856556, 856557, 856569, 856571, 856576, 856578, 856579, 856586, 856591, 856596, 856724, 856733, 856737, 856739, 866414, 866421, 866429, 866438, 866479, 866482, 866491, 866498, 866502, 866506, 866508, 866510, 866511, 866513, 866514, 866516, 866924, 896758, 896760, 896762, 896764, 896766, 896768, 896771, 896773, 896775, 896777, 896781, 896783"|"datetime"
"0083"|"Heart Failure (HF): Beta-Blocker Therapy for Left Ventricular Systolic Dysfunction (LVSD)"|"A_804"|"Beta Blocker Therapy"|"Medication"|"medication allergy"|"A_c133"|"RxNorm"|"12/2009"|"104302, 141882, 150750, 152414, 197296, 197297, 197379, 197380, 197381, 197382, 197383, 198004, 198005, 198006, 198007, 198008, 198104, 198105, 198284, 198285, 198286, 200857, 201322, 201327, 201337, 201338, 201340, 206240, 206244, 206961, 206964, 206968, 207367, 207851, 207852, 207861, 208003, 208029, 208140, 208375, 208575, 208576, 211773, 211810, 212388, 212389, 212390, 213727, 213728, 213731, 238246, 260346, 260348, 260349, 260693, 261397, 261398, 351442, 351443, 351444, 351709, 404603, 491234, 686926, 746023, 746030, 854901, 854903, 854905, 854907, 854908, 854910, 854916, 854918, 854919, 854921, 856422, 856426, 856429, 856433, 856443, 856445, 856448, 856450, 856457, 856460, 856462, 856471, 856481, 856483, 856508, 856519, 856521, 856535, 856537, 856556, 856557, 856569, 856571, 856576, 856578, 856579, 856586, 856591, 856596, 856724, 856733, 856737, 856739, 866414, 866421, 866429, 866438, 866479, 866482, 866491, 866498, 866502, 866506, 866508, 866510, 866511, 866513, 866514, 866516, 866924, 896758, 896760, 896762, 896764, 896766, 896768, 896771, 896773, 896775, 896777, 896781, 896783"|"datetime"
"0083"|"Heart Failure (HF): Beta-Blocker Therapy for Left Ventricular Systolic Dysfunction (LVSD)"|"A_805"|"Beta Blocker Therapy"|"Medication"|"medication intolerance"|"A_c133"|"RxNorm"|"12/2009"|"104302, 141882, 150750, 152414, 197296, 197297, 197379, 197380, 197381, 197382, 197383, 198004, 198005, 198006, 198007, 198008, 198104, 198105, 198284, 198285, 198286, 200857, 201322, 201327, 201337, 201338, 201340, 206240, 206244, 206961, 206964, 206968, 207367, 207851, 207852, 207861, 208003, 208029, 208140, 208375, 208575, 208576, 211773, 211810, 212388, 212389, 212390, 213727, 213728, 213731, 238246, 260346, 260348, 260349, 260693, 261397, 261398, 351442, 351443, 351444, 351709, 404603, 491234, 686926, 746023, 746030, 854901, 854903, 854905, 854907, 854908, 854910, 854916, 854918, 854919, 854921, 856422, 856426, 856429, 856433, 856443, 856445, 856448, 856450, 856457, 856460, 856462, 856471, 856481, 856483, 856508, 856519, 856521, 856535, 856537, 856556, 856557, 856569, 856571, 856576, 856578, 856579, 856586, 856591, 856596, 856724, 856733, 856737, 856739, 866414, 866421, 866429, 866438, 866479, 866482, 866491, 866498, 866502, 866506, 866508, 866510, 866511, 866513, 866514, 866516, 866924, 896758, 896760, 896762, 896764, 896766, 896768, 896771, 896773, 896775, 896777, 896781, 896783"|"datetime"
"0083"|"Heart Failure (HF): Beta-Blocker Therapy for Left Ventricular Systolic Dysfunction (LVSD)"|"A_806"|"Beta Blocker Therapy"|"Medication"|"medication intolerance"|"A_c133"|"RxNorm"|"12/2009"|"104302, 141882, 150750, 152414, 197296, 197297, 197379, 197380, 197381, 197382, 197383, 198004, 198005, 198006, 198007, 198008, 198104, 198105, 198284, 198285, 198286, 200857, 201322, 201327, 201337, 201338, 201340, 206240, 206244, 206961, 206964, 206968, 207367, 207851, 207852, 207861, 208003, 208029, 208140, 208375, 208575, 208576, 211773, 211810, 212388, 212389, 212390, 213727, 213728, 213731, 238246, 260346, 260348, 260349, 260693, 261397, 261398, 351442, 351443, 351444, 351709, 404603, 491234, 686926, 746023, 746030, 854901, 854903, 854905, 854907, 854908, 854910, 854916, 854918, 854919, 854921, 856422, 856426, 856429, 856433, 856443, 856445, 856448, 856450, 856457, 856460, 856462, 856471, 856481, 856483, 856508, 856519, 856521, 856535, 856537, 856556, 856557, 856569, 856571, 856576, 856578, 856579, 856586, 856591, 856596, 856724, 856733, 856737, 856739, 866414, 866421, 866429, 866438, 866479, 866482, 866491, 866498, 866502, 866506, 866508, 866510, 866511, 866513, 866514, 866516, 866924, 896758, 896760, 896762, 896764, 896766, 896768, 896771, 896773, 896775, 896777, 896781, 896783"|"datetime"
"0083"|"Heart Failure (HF): Beta-Blocker Therapy for Left Ventricular Systolic Dysfunction (LVSD)"|"A_118"|"birthdate"|"Individual characteristic"|"patient characteristic"|"A_c8"|"HL7"|"3.0"|"00110"|"datetime"
"0083"|"Heart Failure (HF): Beta-Blocker Therapy for Left Ventricular Systolic Dysfunction (LVSD)"|"A_1419"|"Bradycardia"|"Diagnosis / Condition / Problem"|"diagnosis active"|"A_c412"|"GROUPING"||"A_c408, A_c410, A_c411"|"datetime"
"0083"|"Heart Failure (HF): Beta-Blocker Therapy for Left Ventricular Systolic Dysfunction (LVSD)"|"A_1420"|"Bradycardia"|"Diagnosis / Condition / Problem"|"diagnosis active"|"A_c412"|"GROUPING"||"A_c408, A_c410, A_c411"|"datetime"
"0083"|"Heart Failure (HF): Beta-Blocker Therapy for Left Ventricular Systolic Dysfunction (LVSD)"|"A_7081"|"Bradycardia"|"Diagnosis / Condition / Problem"|"diagnosis active"|"A_c411"|"ICD-10-CM"|"2010"|"G90.09, R00.1"|"datetime"
"0083"|"Heart Failure (HF): Beta-Blocker Therapy for Left Ventricular Systolic Dysfunction (LVSD)"|"A_7068"|"Bradycardia"|"Diagnosis / Condition / Problem"|"diagnosis active"|"A_c410"|"ICD-9-CM"|"2010"|"337.09, 427.81, 427.89"|"datetime"
"0083"|"Heart Failure (HF): Beta-Blocker Therapy for Left Ventricular Systolic Dysfunction (LVSD)"|"A_7027"|"Bradycardia"|"Diagnosis / Condition / Problem"|"diagnosis active"|"A_c408"|"SNOMED-CT"|"07/2009"|"162988008, 251162005, 278085001, 29894000, 309746001, 397841007, 413341007, 42177007, 426177001, 426627000, 44273001, 44602002, 47101004, 48867003, 49044005, 49710005"|"datetime"
"0083"|"Heart Failure (HF): Beta-Blocker Therapy for Left Ventricular Systolic Dysfunction (LVSD)"|"A_1086"|"Cardiac Pacer"|"Device"|"device applied"|"A_c303"|"SNOMED-CT"|"July 2009"|"14106009, 360127006, 360128001, 424921004, 56961003"|"datetime"
"0083"|"Heart Failure (HF): Beta-Blocker Therapy for Left Ventricular Systolic Dysfunction (LVSD)"|"A_1087"|"Cardiac Pacer"|"Device"|"device applied"|"A_c303"|"SNOMED-CT"|"July 2009"|"14106009, 360127006, 360128001, 424921004, 56961003"|"datetime"
"0083"|"Heart Failure (HF): Beta-Blocker Therapy for Left Ventricular Systolic Dysfunction (LVSD)"|"A_1512"|"Cardiac Pacer"|"Device"|"device applied"|"A_c303"|"SNOMED-CT"|"July 2009"|"14106009, 360127006, 360128001, 424921004, 56961003"|"datetime"
"0083"|"Heart Failure (HF): Beta-Blocker Therapy for Left Ventricular Systolic Dysfunction (LVSD)"|"A_1513"|"Cardiac Pacer"|"Device"|"device applied"|"A_c303"|"SNOMED-CT"|"July 2009"|"14106009, 360127006, 360128001, 424921004, 56961003"|"datetime"
"0083"|"Heart Failure (HF): Beta-Blocker Therapy for Left Ventricular Systolic Dysfunction (LVSD)"|"A_1298"|"Cardiac Pacer in Situ"|"Diagnosis / Condition / Problem"|"diagnosis active"|"A_c368"|"GROUPING"||"A_c178, A_c183"|"datetime"
"0083"|"Heart Failure (HF): Beta-Blocker Therapy for Left Ventricular Systolic Dysfunction (LVSD)"|"A_1299"|"Cardiac Pacer in Situ"|"Diagnosis / Condition / Problem"|"diagnosis active"|"A_c368"|"GROUPING"||"A_c178, A_c183"|"datetime"
"0083"|"Heart Failure (HF): Beta-Blocker Therapy for Left Ventricular Systolic Dysfunction (LVSD)"|"A_459"|"Cardiac Pacer in Situ"|"Diagnosis / Condition / Problem"|"diagnosis active"|"A_c183"|"ICD-10-CM"|"2010"|"Z95.0"|"datetime"
"0083"|"Heart Failure (HF): Beta-Blocker Therapy for Left Ventricular Systolic Dysfunction (LVSD)"|"A_460"|"Cardiac Pacer in Situ"|"Diagnosis / Condition / Problem"|"diagnosis active"|"A_c183"|"ICD-10-CM"|"2010"|"Z95.0"|"datetime"
"0083"|"Heart Failure (HF): Beta-Blocker Therapy for Left Ventricular Systolic Dysfunction (LVSD)"|"A_449"|"Cardiac Pacer in Situ"|"Diagnosis / Condition / Problem"|"diagnosis active"|"A_c178"|"ICD-9-CM"|"2009"|"V45.01"|"datetime"
"0083"|"Heart Failure (HF): Beta-Blocker Therapy for Left Ventricular Systolic Dysfunction (LVSD)"|"A_450"|"Cardiac Pacer in Situ"|"Diagnosis / Condition / Problem"|"diagnosis active"|"A_c178"|"ICD-9-CM"|"2009"|"V45.01"|"datetime"
"0083"|"Heart Failure (HF): Beta-Blocker Therapy for Left Ventricular Systolic Dysfunction (LVSD)"|"A_522"|"Ejection Fraction"|"Diagnostic study"|"diagnostic study result"|"A_c29"|"SNOMED-CT"|"07/2009"|"250907009, 250908004, 70822001"|"datetime"
"0083"|"Heart Failure (HF): Beta-Blocker Therapy for Left Ventricular Systolic Dysfunction (LVSD)"|"A_523"|"Ejection Fraction"|"Diagnostic study"|"diagnostic study result"|"A_c29"|"SNOMED-CT"|"07/2009"|"250907009, 250908004, 70822001"|"datetime"
"0083"|"Heart Failure (HF): Beta-Blocker Therapy for Left Ventricular Systolic Dysfunction (LVSD)"|"A_236"|"Encounter Nursing Facility"|"Encounter"|"encounter"|"A_c28"|"CPT"|"2010"|"99304, 99305, 99306, 99307, 99308, 99309, 99310"|"datetime"
"0083"|"Heart Failure (HF): Beta-Blocker Therapy for Left Ventricular Systolic Dysfunction (LVSD)"|"A_237"|"Encounter Outpatient"|"Encounter"|"encounter"|"A_c26"|"CPT"|"2010"|"99201, 99202, 99203, 99204, 99205, 99212, 99213, 99214, 99215, 99241, 99242, 99243, 99244, 99245, 99324, 99325, 99326, 99327, 99328, 99334, 99335, 99336, 99337, 99341, 99342, 99343, 99344, 99345, 99347, 99348, 99349, 99350"|"datetime"
"0083"|"Heart Failure (HF): Beta-Blocker Therapy for Left Ventricular Systolic Dysfunction (LVSD)"|"A_1300"|"Heart Failure"|"Diagnosis / Condition / Problem"|"diagnosis active"|"A_c376"|"GROUPING"||"A_c23, A_c24, A_c25"|"datetime"
"0083"|"Heart Failure (HF): Beta-Blocker Therapy for Left Ventricular Systolic Dysfunction (LVSD)"|"A_1301"|"Heart Failure"|"Diagnosis / Condition / Problem"|"diagnosis active"|"A_c376"|"GROUPING"||"A_c23, A_c24, A_c25"|"datetime"
"0083"|"Heart Failure (HF): Beta-Blocker Therapy for Left Ventricular Systolic Dysfunction (LVSD)"|"A_1106"|"Heart Failure"|"Diagnosis / Condition / Problem"|"diagnosis active"|"A_c24"|"ICD-10-CM"|"2010"|"I05, I05.0, I05.1, I05.2, I05.8, I05.9, I06, I06.0, I06.1, I06.2, I06.8, I07, I07.0, I07.1, I07.2, I07.8, I07.9, I08, I08.0, I08.1, I08.2, I08.3, I08.8, I08.9, I09, I09.0, I09.1, I09.2, I09.8, I09.89, I09.9, I11.0, I13.0, I42.3, I50.1, I50.2, I50.21, I50.22, I50.23, I50.3, I50.31, I50.32, I50.33, I50.4, I50.41, I50.42, I50.43, I50.9"|"datetime"
"0083"|"Heart Failure (HF): Beta-Blocker Therapy for Left Ventricular Systolic Dysfunction (LVSD)"|"A_146"|"Heart Failure"|"Diagnosis / Condition / Problem"|"diagnosis active"|"A_c24"|"ICD-10-CM"|"2010"|"I05, I05.0, I05.1, I05.2, I05.8, I05.9, I06, I06.0, I06.1, I06.2, I06.8, I07, I07.0, I07.1, I07.2, I07.8, I07.9, I08, I08.0, I08.1, I08.2, I08.3, I08.8, I08.9, I09, I09.0, I09.1, I09.2, I09.8, I09.89, I09.9, I11.0, I13.0, I42.3, I50.1, I50.2, I50.21, I50.22, I50.23, I50.3, I50.31, I50.32, I50.33, I50.4, I50.41, I50.42, I50.43, I50.9"|"datetime"
"0083"|"Heart Failure (HF): Beta-Blocker Therapy for Left Ventricular Systolic Dysfunction (LVSD)"|"A_1107"|"Heart Failure"|"Diagnosis / Condition / Problem"|"diagnosis active"|"A_c23"|"ICD-9-CM"|"2010"|"402.01, 402.11, 402.91, 404.01, 404.03, 404.11, 404.13, 404.91, 404.93, 428.0, 428.1, 428.20, 428.21, 428.22, 428.23, 428.30, 428.31, 428.32, 428.33, 428.40, 428.41, 428.42, 428.43, 428.9"|"datetime"
"0083"|"Heart Failure (HF): Beta-Blocker Therapy for Left Ventricular Systolic Dysfunction (LVSD)"|"A_145"|"Heart Failure"|"Diagnosis / Condition / Problem"|"diagnosis active"|"A_c23"|"ICD-9-CM"|"2010"|"402.01, 402.11, 402.91, 404.01, 404.03, 404.11, 404.13, 404.91, 404.93, 428.0, 428.1, 428.20, 428.21, 428.22, 428.23, 428.30, 428.31, 428.32, 428.33, 428.40, 428.41, 428.42, 428.43, 428.9"|"datetime"
"0083"|"Heart Failure (HF): Beta-Blocker Therapy for Left Ventricular Systolic Dysfunction (LVSD)"|"A_1108"|"Heart Failure"|"Diagnosis / Condition / Problem"|"diagnosis active"|"A_c25"|"SNOMED-CT"|"07/2009"|"10091002, 10335000, 10633002, 111283005, 128404006, 13839000, 194767001, 194779001, 194781004, 195111005, 195112003, 195114002, 206586007, 233924009, 25544003, 277639002, 314206003, 33644002, 359617009, 359620001, 364006, 367363000, 410431009, 417996009, 418304008, 42343007, 424404003, 426012001, 426263006, 426611007, 43736008, 441481004, 441530006, 44313006, 46113002, 48447003, 5053004, 5148006, 5375005, 56675007, 60856006, 66989003, 74960003, 77737007, 80479009, 82523003, 83105008, 84114007, 85232009, 88805009, 90727007, 92506005"|"datetime"
"0083"|"Heart Failure (HF): Beta-Blocker Therapy for Left Ventricular Systolic Dysfunction (LVSD)"|"A_147"|"Heart Failure"|"Diagnosis / Condition / Problem"|"diagnosis active"|"A_c25"|"SNOMED-CT"|"07/2009"|"10091002, 10335000, 10633002, 111283005, 128404006, 13839000, 194767001, 194779001, 194781004, 195111005, 195112003, 195114002, 206586007, 233924009, 25544003, 277639002, 314206003, 33644002, 359617009, 359620001, 364006, 367363000, 410431009, 417996009, 418304008, 42343007, 424404003, 426012001, 426263006, 426611007, 43736008, 441481004, 441530006, 44313006, 46113002, 48447003, 5053004, 5148006, 5375005, 56675007, 60856006, 66989003, 74960003, 77737007, 80479009, 82523003, 83105008, 84114007, 85232009, 88805009, 90727007, 92506005"|"datetime"
"0083"|"Heart Failure (HF): Beta-Blocker Therapy for Left Ventricular Systolic Dysfunction (LVSD)"|"A_1362"|"Heart Rate"|"Physical exam"|"physical exam finding"|"A_c409"|"SNOMED-CT"|"07/2009"|"364075005"|"datetime"
"0083"|"Heart Failure (HF): Beta-Blocker Therapy for Left Ventricular Systolic Dysfunction (LVSD)"|"A_1363"|"Heart Rate"|"Physical exam"|"physical exam finding"|"A_c409"|"SNOMED-CT"|"07/2009"|"364075005"|"datetime"
"0083"|"Heart Failure (HF): Beta-Blocker Therapy for Left Ventricular Systolic Dysfunction (LVSD)"|"A_1292"|"Hypotension"|"Diagnosis / Condition / Problem"|"diagnosis active"|"A_c370"|"GROUPING"||"A_c175, A_c180, A_c185"|"datetime"
"0083"|"Heart Failure (HF): Beta-Blocker Therapy for Left Ventricular Systolic Dysfunction (LVSD)"|"A_1293"|"Hypotension"|"Diagnosis / Condition / Problem"|"diagnosis active"|"A_c370"|"GROUPING"||"A_c175, A_c180, A_c185"|"datetime"
"0083"|"Heart Failure (HF): Beta-Blocker Therapy for Left Ventricular Systolic Dysfunction (LVSD)"|"A_453"|"Hypotension"|"Diagnosis / Condition / Problem"|"diagnosis active"|"A_c180"|"ICD-10-CM"|"2010"|"I95.1, I95.3, I95.89, I95.9"|"datetime"
"0083"|"Heart Failure (HF): Beta-Blocker Therapy for Left Ventricular Systolic Dysfunction (LVSD)"|"A_454"|"Hypotension"|"Diagnosis / Condition / Problem"|"diagnosis active"|"A_c180"|"ICD-10-CM"|"2010"|"I95.1, I95.3, I95.89, I95.9"|"datetime"
"0083"|"Heart Failure (HF): Beta-Blocker Therapy for Left Ventricular Systolic Dysfunction (LVSD)"|"A_445"|"Hypotension"|"Diagnosis / Condition / Problem"|"diagnosis active"|"A_c175"|"ICD-9-CM"|"2009"|"458.0, 458.1, 458.21, 458.29, 458.8, 458.9"|"datetime"
"0083"|"Heart Failure (HF): Beta-Blocker Therapy for Left Ventricular Systolic Dysfunction (LVSD)"|"A_446"|"Hypotension"|"Diagnosis / Condition / Problem"|"diagnosis active"|"A_c175"|"ICD-9-CM"|"2009"|"458.0, 458.1, 458.21, 458.29, 458.8, 458.9"|"datetime"
"0083"|"Heart Failure (HF): Beta-Blocker Therapy for Left Ventricular Systolic Dysfunction (LVSD)"|"A_463"|"Hypotension"|"Diagnosis / Condition / Problem"|"diagnosis active"|"A_c185"|"SNOMED-CT"|"7/2009"|"163022004, 163024003, 195506001, 200113008, 200114002, 230664009, 234171009, 271870002, 276519002, 286963007, 371073003, 408667000, 408668005, 429561008, 45007003, 61933008, 70247006, 75181005, 77545000, 88887003"|"datetime"
"0083"|"Heart Failure (HF): Beta-Blocker Therapy for Left Ventricular Systolic Dysfunction (LVSD)"|"A_464"|"Hypotension"|"Diagnosis / Condition / Problem"|"diagnosis active"|"A_c185"|"SNOMED-CT"|"7/2009"|"163022004, 163024003, 195506001, 200113008, 200114002, 230664009, 234171009, 271870002, 276519002, 286963007, 371073003, 408667000, 408668005, 429561008, 45007003, 61933008, 70247006, 75181005, 77545000, 88887003"|"datetime"
"0083"|"Heart Failure (HF): Beta-Blocker Therapy for Left Ventricular Systolic Dysfunction (LVSD)"|"A_524"|"LVF ASSMT"|"Diagnostic study"|"diagnostic study result"|"A_c31"|"CPT"|"2010"|"78414, 78451, 78452, 78453, 78454, 78468, 78472, 78473, 78481, 78483, 78494, 78496, 93303, 93304, 93306, 93307, 93308, 93312, 93313, 93314, 93315, 93316, 93317, 93350, 93351, 93352, 93543"|"datetime"
"0083"|"Heart Failure (HF): Beta-Blocker Therapy for Left Ventricular Systolic Dysfunction (LVSD)"|"A_525"|"LVF ASSMT"|"Diagnostic study"|"diagnostic study result"|"A_c31"|"CPT"|"2010"|"78414, 78451, 78452, 78453, 78454, 78468, 78472, 78473, 78481, 78483, 78494, 78496, 93303, 93304, 93306, 93307, 93308, 93312, 93313, 93314, 93315, 93316, 93317, 93350, 93351, 93352, 93543"|"datetime"
"0083"|"Heart Failure (HF): Beta-Blocker Therapy for Left Ventricular Systolic Dysfunction (LVSD)"|"A_330"|"Measurement enddate"|"Measure timing"|"end: 12/31/yyyy 23:59:59 (prompt for year)"|"A_c130"||||
"0083"|"Heart Failure (HF): Beta-Blocker Therapy for Left Ventricular Systolic Dysfunction (LVSD)"|"A_331"|"Measurement period"|"Measure timing"|"start of timing window"|"A_c131"||||
"0083"|"Heart Failure (HF): Beta-Blocker Therapy for Left Ventricular Systolic Dysfunction (LVSD)"|"A_1051"|"Medical reason"|"Negation Rationale"|"medication not done"|"A_c313"|"HL7"|"3.0"|"21703, 21704, 21738, 21745, 21747, 21815, 21990, 22259, 22261, 22855"|"datetime"
"0083"|"Heart Failure (HF): Beta-Blocker Therapy for Left Ventricular Systolic Dysfunction (LVSD)"|"A_1052"|"Medical reason"|"Negation Rationale"|"medication not done"|"A_c313"|"HL7"|"3.0"|"21703, 21704, 21738, 21745, 21747, 21815, 21990, 22259, 22261, 22855"|"datetime"
"0083"|"Heart Failure (HF): Beta-Blocker Therapy for Left Ventricular Systolic Dysfunction (LVSD)"|"A_1053"|"Patient reason"|"Negation Rationale"|"medication not done"|"A_c311"|"HL7"|"3.0"|"14880, 15985, 19729, 21708, 21710, 21741, 21743, 21746, 22260, 22851"|"datetime"
"0083"|"Heart Failure (HF): Beta-Blocker Therapy for Left Ventricular Systolic Dysfunction (LVSD)"|"A_1054"|"Patient reason"|"Negation Rationale"|"medication not done"|"A_c311"|"HL7"|"3.0"|"14880, 15985, 19729, 21708, 21710, 21741, 21743, 21746, 22260, 22851"|"datetime"
"0083"|"Heart Failure (HF): Beta-Blocker Therapy for Left Ventricular Systolic Dysfunction (LVSD)"|"A_1055"|"System reason"|"Negation Rationale"|"medication not done"|"A_c310"|"HL7"|"3.0"|"19730 , 19731, 19733, 19734, 19735, 19736, 19987, 19988, 19989, 19990, 21408, 21493, 21568, 21706, 21707, 21709, 21728, 21729, 21730, 21731, 21732, 21733, 21734, 21735, 21744, 22023, 22024, 22165, 22166, 22167, 22168, 22169, 22857, 22858, 22859, 22865, 22866, 22867, 22907, 22909, 22911, 22912, 22913"|"datetime"
"0083"|"Heart Failure (HF): Beta-Blocker Therapy for Left Ventricular Systolic Dysfunction (LVSD)"|"A_1056"|"System reason"|"Negation Rationale"|"medication not done"|"A_c310"|"HL7"|"3.0"|"19730 , 19731, 19733, 19734, 19735, 19736, 19987, 19988, 19989, 19990, 21408, 21493, 21568, 21706, 21707, 21709, 21728, 21729, 21730, 21731, 21732, 21733, 21734, 21735, 21744, 22023, 22024, 22165, 22166, 22167, 22168, 22169, 22857, 22858, 22859, 22865, 22866, 22867, 22907, 22909, 22911, 22912, 22913"|"datetime"
