"NQF_id"|"measure_name"|"QDS_id"|"standard_concept"|"standard_category"|"QDS_data_type"|"standard_concept_id"|"standard_taxonomy"|"standard_taxonomy_version"|"standard_code_list"|"QDS_datatype_specific_attributes"
"0043"|"Pneumonia Vaccination Status for Older Adults"|"N_402"|"birthdate"|"Individual characteristic"|"patient characteristic"|"N_c8"|"HL7"|"3.0"|"00110"|"datetime"
"0043"|"Pneumonia Vaccination Status for Older Adults"|"N_7004"|"encounter outpatient"|"Encounter"|"encounter"|"N_c27"|"CPT"|"06/2009"|"99201, 99202, 99203, 99204, 99205, 99211, 99212, 99213, 99214, 99215, 99217, 99218, 99219, 99220, 99241, 99242, 99243, 99244, 99245, 99341, 99342, 99343, 99344, 99345, 99347-99350, 99384, 99385, 99386, 99387, 99394, 99395, 99396, 99397, 99401, 99402, 99403, 99404, 99411, 99412, 99420, 99429, 99455, 99456"|"datetime"
"0043"|"Pneumonia Vaccination Status for Older Adults"|"N_1835"|"encounter outpatient"|"Encounter"|"encounter"|"N_c552"|"GROUPING"||"N_c159, N_c27"|"datetime"
"0043"|"Pneumonia Vaccination Status for Older Adults"|"N_7003"|"encounter outpatient"|"Encounter"|"encounter"|"N_c159"|"ICD-9-CM"|"06/2009"|"V70.0, V70.3, V70.5, V70.6, V70.8, V70.9"|"datetime"
"0043"|"Pneumonia Vaccination Status for Older Adults"|"N_401"|"measurement enddate"|"Measure timing"|"end: 12/31/yyyy 23:59:59 (prompt for year)"|"N_c1"||||
"0043"|"Pneumonia Vaccination Status for Older Adults"|"N_1494"|"measurement period"|"Measure timing"|"start of timing window"|"N_c2"||||
"0043"|"Pneumonia Vaccination Status for Older Adults"|"N_1401"|"pneumococcal vaccination"|"Medication"|"medication administered"|"N_c421"|"RxNorm"|"07/2009"|"854931, 854933, 854935, 854937, 854939, 854941, 854943, 854945, 854947, 854949, 854951, 854953, 854955, 854957, 854959, 854961, 854963, 854965, 854967, 854969, 854971, 854973, 854975, 854977"|"datetime"
